Name,StudentID,ExamCode,Marks,Grade,Subject,ExamDate
John Doe,2024001,EXAM2024001,85,A,Mathematics,2024-10-15
Jane Smith,2024002,EXAM2024002,92,A+,Mathematics,2024-10-15
Mike Johnson,2024003,EXAM2024003,78,B+,Mathematics,2024-10-15
Sarah Williams,2024004,EXAM2024004,65,C+,Mathematics,2024-10-15
Robert Brown,2024005,EXAM2024005,88,A,Mathematics,2024-10-15
Emily Davis,2024006,EXAM2024006,95,A+,Mathematics,2024-10-15
David Wilson,2024007,EXAM2024007,72,B,Mathematics,2024-10-15
Lisa Anderson,2024008,EXAM2024008,81,A-,Mathematics,2024-10-15
James Taylor,2024009,EXAM2024009,68,C+,Mathematics,2024-10-15
Maria Garcia,2024010,EXAM2024010,90,A,Mathematics,2024-10-15

